pdb-id,is_physiological,misclassification_ratio
4zms_1,no,0.970588235294118
2ym0_5,no,0.941176470588235
4qhj_1,no,0.941176470588235
5wof_13,no,0.941176470588235
4xea_1,yes,0.911764705882353
2vx8_1,no,0.911764705882353
3kph_1,no,0.911764705882353
4q96_2,no,0.911764705882353
4qhi_1,no,0.911764705882353
5col_1,no,0.911764705882353
5hs8_1,no,0.911764705882353
6fjv_2,no,0.911764705882353
